<keymap version="1" name="Windows Proper Redo" parent="$default">
  <action id="$Redo">
    <keyboard-shortcut first-keystroke="shift ctrl z" />
    <keyboard-shortcut first-keystroke="shift alt back_space" />
    <keyboard-shortcut first-keystroke="ctrl y" />
  </action>
  <action id="EditorDeleteLine" />
  <action id="EditorToggleUseSoftWraps">
    <keyboard-shortcut first-keystroke="alt z" />
  </action>
  <action id="SplitHorizontally">
    <keyboard-shortcut first-keystroke="alt c" />
  </action>
  <action id="SplitVertically">
    <keyboard-shortcut first-keystroke="alt x" />
  </action>
</keymap>